{
	"version": "2.1",
	"pools": [{
		"name": "rare_charms",
		"rolls": 1,
		"entries": [{
				"entryName": "charm0",
				"type": "item",
				"name": "treasure2:charmed_gold_coin",
				"weight": 20,
				"conditions": [{
					"condition": "random_chance",
					"chance": 0.25
				}],
				"functions": [{
					"function": "treasure2:charm_randomly",
					"levels": {
						"min": 1,
						"max": 5
					}
				}]
			},
			{
				"entryName": "charm1",
				"type": "item",
				"name": "treasure2:charmed_gold_coin",
				"weight": 30,
				"conditions": [{
					"condition": "random_chance",
					"chance": 0.5
				}],
				"functions": [{
						"function": "treasure2:charm_randomly",
						"levels": 3,
						"charms": [
							"dirt_fill_1"
						]
					},
					{
						"function": "treasure2:charm_randomly",
						"levels": 3,
						"charms": [
							"dirt_walk_1"
						]
					}
				]
			},
			{
				"entryName": "charm2",
				"type": "item",
				"name": "treasure2:charmed_ruby",
				"weight": 30,
				"conditions": [{
					"condition": "random_chance",
					"chance": 0.5
				}],
				"functions": [{
					"function": "treasure2:charm_randomly",
					"levels": 4
				}]
			},
			{
				"entryName": "medics_token",
				"type": "item",
				"name": "treasure2:medics_token",
				"weight": 30,
				"conditions": [{
					"condition": "random_chance",
					"chance": 0.15
				}]
			},
			{
				"entryName": "salandaars_ward",
				"type": "item",
				"name": "treasure2:salandaars_ward",
				"weight": 30,
				"conditions": [{
					"condition": "random_chance",
					"chance": 0.15
				}]
			},
			{
				"entryName": "dwarven_talisman",
				"type": "item",
				"name": "treasure2:dwarven_talisman",
				"weight": 30,
				"conditions": [{
					"condition": "random_chance",
					"chance": 0.15
				}]
			},
			{
				"entryName": "adephagias_bounty",
				"type": "item",
				"name": "treasure2:adephagias_bounty",
				"weight": 30,
				"conditions": [{
					"condition": "random_chance",
					"chance": 0.15
				}]
			},
			{
				"entryName": "mirthas_torch",
				"type": "item",
				"name": "treasure2:mirthas_torch",
				"weight": 30,
				"conditions": [{
					"condition": "random_chance",
					"chance": 0.15
				}]
			},
			{
				"entryName": "adornment1",
				"type": "item",
				"name": "treasure2:gold_ring",
				"weight": 15,
				"conditions": [{
					"condition": "random_chance",
					"chance": 0.5
				}],
				"functions": [{
					"function": "treasure2:set_slots",
					"slots": {
						"min": 1,
						"max": 2
					}
				}]
			},
			{
				"entryName": "adornment_gold_necklace",
				"type": "item",
				"name": "treasure2:gold_necklace",
				"weight": 15,
				"conditions": [{
					"condition": "random_chance",
					"chance": 0.5
				}],
				"functions": [{
					"function": "treasure2:set_slots",
					"slots": {
						"min": 1,
						"max": 2
					}
				}]
			},
			{
				"entryName": "adornment2",
				"type": "item",
				"name": "treasure2:onyx_gold_ring",
				"weight": 10,
				"conditions": [{
					"condition": "random_chance",
					"chance": 0.5
				}],
				"functions": [{
					"function": "treasure2:set_slots",
					"slots": {
						"min": 0,
						"max": 2
					}
				}]
			},
			{
				"entryName": "adornment3",
				"type": "item",
				"name": "treasure2:diamond_gold_ring",
				"weight": 10,
				"quality": 2,
				"conditions": [{
					"condition": "random_chance",
					"chance": 0.4
				}],
				"functions": [{
					"function": "treasure2:set_slots",
					"slots": {
						"min": 0,
						"max": 2
					}
				}]
			},
			{
				"entryName": "adornment4",
				"type": "item",
				"name": "treasure2:emerald_gold_ring",
				"weight": 10,
				"quality": 2,
				"conditions": [{
					"condition": "random_chance",
					"chance": 0.3
				}],
				"functions": [{
					"function": "treasure2:set_slots",
					"slots": {
						"min": 1,
						"max": 2
					}
				}]
			},
			{
				"entryName": "adornment5",
				"type": "item",
				"name": "treasure2:gold_bracelet",
				"weight": 10,
				"quality": 2,
				"conditions": [{
					"condition": "random_chance",
					"chance": 0.3
				}]
			},
			{
				"entryName": "adornment6",
				"type": "item",
				"name": "treasure2:pocket_watch",
				"weight": 10,
				"quality": 2,
				"conditions": [{
					"condition": "random_chance",
					"chance": 0.3
				}],
				"functions": [{
					"function": "treasure2:set_slots",
					"slots": {
						"min": 0,
						"max": 2
					}
				}]
			},
			{
				"entryName": "adornment7",
				"type": "item",
				"name": "treasure2:amythest_gold_amulet",
				"weight": 8,
				"quality": 2,
				"functions": [{
						"function": "treasure2:set_slots",
						"slots": {
							"min": 0,
							"max": 1
						}
					},
					{
						"function": "treasure2:charm_randomly",
						"levels": {
							"min": 1,
							"max": 10
						}
					}
				]
			},
			{
				"entryName": "adornment8",
				"type": "item",
				"name": "treasure2:onyx_gold_amulet",
				"weight": 8,
				"quality": 2,
				"functions": [{
						"function": "treasure2:set_slots",
						"slots": {
							"min": 0,
							"max": 1
						}
					},
					{
						"function": "treasure2:charm_randomly",
						"levels": {
							"min": 1,
							"max": 11
						}
					}
				]
			},
			{
				"entryName": "adornment10",
				"type": "item",
				"name": "treasure2:sapphire_silver_amulet",
				"weight": 8,
				"quality": 2,
				"functions": [{
						"function": "treasure2:set_slots",
						"slots": {
							"min": 0,
							"max": 1
						}
					},
					{
						"function": "treasure2:charm_randomly",
						"levels": {
							"min": 1,
							"max": 13
						}
					}
				]
			},
			{
				"entryName": "apprentices_pouch",
				"type": "item",
				"weight": 30,
				"quality": 1,
				"name": "treasure2:apprentices_pouch",
				"conditions": [{
					"condition": "random_chance",
					"chance": 0.12
				}]
			}
		]
	}]
}
