{
	"pools": [
		{
			"name": "items",
			"rolls": {
				"min": 1,
				"max": 5
			},
			"entries": [
				{
					"type": "loot_table",
					"name": "dungeons2:loot_tables/dungeons2/items/common",
					"weight": 1
				}
			]
		},
		{
			"name": "armor",
			"rolls": {
				"min": 1,
				"max": 2
			},
			"entries": [
				{
					"type": "loot_table",
					"name": "dungeons2:loot_tables/dungeons2/armor/common",
					"weight": 1
				}
			]
		},
		{
			"name": "food",
			"rolls": {
				"min": 1,
				"max": 3
			},
			"entries": [
				{
					"type": "loot_table",
					"name": "dungeons2:loot_tables/dungeons2/food/common",
					"weight": 1
				}
			]
		},
		{
			"name": "tools",
			"rolls": {
				"min": 1,
				"max": 2
			},
			"entries": [
				{
					"type": "loot_table",
					"name": "dungeons2:loot_tables/dungeons2/tools/common",
					"weight": 1
				}
			]
		},
		{
			"name": "potions",
			"rolls": {
				"min": 0,
				"max": 1
			},
			"entries": [
				{
					"type": "loot_table",
					"name": "dungeons2:loot_tables/dungeons2/potions/common",
					"weight": 1
				}
			]
		}
	]
}