{
	"pools": [
		{
			"name": "items",
			"rolls": {
				"min": 2,
				"max": 3
			},
			"entries": [
                {
                    "type": "loot_table",
                    "name": "dungeons2:loot_tables/dungeons2/items/rare",
                    "weight": 1
                }
			]
		},
		{
			"name": "armor",
			"rolls": {
				"min": 0,
				"max": 2
			},
			"entries": [
	                {
                    "type": "loot_table",
                    "name": "dungeons2:loot_tables/dungeons2/armor/rare",
                    "weight": 1
                }		
			]
		},
		{
			"name": "food",
			"rolls": {
				"min": 0,
				"max": 1
			},
			"entries": [
	                {
                    "type": "loot_table",
                    "name": "dungeons2:loot_tables/dungeons2/food/rare",
                    "weight": 1
                }				
			]
		},
		{
			"name": "tools",
			"rolls": {
				"min": 0,
				"max": 2
			},
			"entries": [
	            {
                    "type": "loot_table",
                    "name": "dungeons2:loot_tables/dungeons2/tools/rare",
                    "weight": 1
                }				
			]
		},
		{
			"name": "potions",
			"rolls": {
				"min": 1,
				"max": 2
			},
			"entries": [
		            {
                    "type": "loot_table",
                    "name": "dungeons2:loot_tables/dungeons2/potions/rare",
                    "weight": 1
                }			
			]
		},

		{
			"name": "scarce_items",
			"rolls": {
				"min": 0,
				"max": 3
			},
			"entries": [
                {
                    "type": "loot_table",
                    "name": "dungeons2:loot_tables/dungeons2/items/scarce",
                    "weight": 1
                }
			]
		},
		{
			"name": "scarce_armor",
			"rolls": {
				"min": 0,
				"max": 2
			},
			"entries": [
	                {
                    "type": "loot_table",
                    "name": "dungeons2:loot_tables/dungeons2/armor/scarce",
                    "weight": 1
                }		
			]
		},
		{
			"name": "scarce_food",
			"rolls": {
				"min": 0,
				"max": 2
			},
			"entries": [
	                {
                    "type": "loot_table",
                    "name": "dungeons2:loot_tables/dungeons2/food/scarce",
                    "weight": 1
                }				
			]
		},
		{
			"name": "scarce_tools",
			"rolls": {
				"min": 0,
				"max": 2
			},
			"entries": [
	            {
                    "type": "loot_table",
                    "name": "dungeons2:loot_tables/dungeons2/tools/scarce",
                    "weight": 1
                }				
			]
		},
		{
			"name": "scarce_potions",
			"rolls": {
				"min": 0,
				"max": 2
			},
			"entries": [
		            {
                    "type": "loot_table",
                    "name": "dungeons2:loot_tables/dungeons2/potions/scarce",
                    "weight": 1
                }			
			]
		}		
	]
}