{
	"pools": [
		{
			"name": "epic_items",
			"rolls": 1,
			"entries": [
				{
					"entryName": "shulker_box",
					"type": "item",
					"name": "minecraft:black_shulker_box",
					"weight": 15					
				},
				{
					"entryName": "shulker_shell",
					"type": "item",
					"name": "minecraft:shulker_shell",
					"weight": 20			
				},
				{
					"entryName": "dragon_breath",
					"type": "item",
					"name": "minecraft:dragon_breath",
					"weight": 15				
				},		
				{
					"entryName": "elytra",
					"type": "item",
					"name": "minecraft:elytra",
					"weight": 10
				},
				{
					"entryName": "totem_of_undying",
					"type": "item",
					"name": "minecraft:totem_of_undying",
					"weight": 10				
				},		
				{
					"entryName": "experience_bottle",
					"type": "item",
					"name": "minecraft:experience_bottle",
					"weight": 50,
					"functions": [
						{
							"function": "set_count",
							"count": {
								"min": 1,
								"max": 3
							}
						}
					]						
				},
				{
					"entryName": "emerald",
					"type": "item",
					"name": "minecraft:emerald",
					"weight": 50,
					"functions": [
						{
							"function": "set_count",
							"count": {
								"min": 1,
								"max": 3
							}
						}
					]							
				},
				{
					"entryName": "end_crystal",
					"type": "item",
					"name": "minecraft:end_crystal",
					"weight": 25,
					"functions": [
						{
							"function": "set_count",
							"count": {
								"min": 1,
								"max": 2
							}
						}
					]							
				},			
				{
					"entryName": "chorus_fruit_popped",
					"type": "item",
					"name": "minecraft:chorus_fruit_popped",
					"weight": 25,
					"functions": [
						{
							"function": "set_count",
							"count": {
								"min": 1,
								"max": 3
							}
						}
					]							
				}
			]
		}
	]
}