{
	"pools": [
		{
			"name": "items",
			"rolls": {
				"min": 2,
				"max": 4
			},
			"entries": [
                {
                    "type": "loot_table",
                    "name": "dungeons2:loot_tables/dungeons2/items/uncommon",
                    "weight": 1
                }
			]
		},
		{
			"name": "armor",
			"rolls": {
				"min": 0,
				"max": 2
			},
			"entries": [
	                {
                    "type": "loot_table",
                    "name": "dungeons2:loot_tables/dungeons2/armor/uncommon",
                    "weight": 1
                }		
			]
		},
		{
			"name": "food",
			"rolls": {
				"min": 0,
				"max": 2
			},
			"entries": [
	                {
                    "type": "loot_table",
                    "name": "dungeons2:loot_tables/dungeons2/food/uncommon",
                    "weight": 1
                }				
			]
		},
		{
			"name": "tools",
			"rolls": {
				"min": 0,
				"max": 1
			},
			"entries": [
	            {
                    "type": "loot_table",
                    "name": "dungeons2:loot_tables/dungeons2/tools/uncommon",
                    "weight": 1
                }				
			]
		},
		{
			"name": "potions",
			"rolls": {
				"min": 0,
				"max": 2
			},
			"entries": [
		            {
                    "type": "loot_table",
                    "name": "dungeons2:loot_tables/dungeons2/potions/uncommon",
                    "weight": 1
                }			
			]
		},

		{
			"name": "common_items",
			"rolls": {
				"min": 0,
				"max": 2
			},
			"entries": [
                {
                    "type": "loot_table",
                    "name": "dungeons2:loot_tables/dungeons2/items/common",
                    "weight": 1
                }
			]
		},
		{
			"name": "common_armor",
			"rolls": {
				"min": 0,
				"max": 1
			},
			"entries": [
	                {
                    "type": "loot_table",
                    "name": "dungeons2:loot_tables/dungeons2/armor/common",
                    "weight": 1
                }		
			]
		},
		{
			"name": "common_food",
			"rolls": {
				"min": 0,
				"max": 1
			},
			"entries": [
	                {
                    "type": "loot_table",
                    "name": "dungeons2:loot_tables/dungeons2/food/common",
                    "weight": 1
                }				
			]
		},
		{
			"name": "common_tools",
			"rolls": {
				"min": 0,
				"max": 1
			},
			"entries": [
	            {
                    "type": "loot_table",
                    "name": "dungeons2:loot_tables/dungeons2/tools/common",
                    "weight": 1
                }				
			]
		},
		{
			"name": "common_potions",
			"rolls": {
				"min": 0,
				"max": 1
			},
			"entries": [
		            {
                    "type": "loot_table",
                    "name": "dungeons2:loot_tables/dungeons2/potions/common",
                    "weight": 1
                }			
			]
		}		
	]
}