{
	"pools": [
		{
			"name": "epic_armor",
			"rolls": 1,
			"entries": [
				{
					"entryName": "diamond_chestplate",
					"type": "item",
					"name": "minecraft:diamond_chestplate",
					"weight": 18,
					"functions": [
						{
							"function": "enchant_with_levels",
							"levels": 30,
							"treasure": true
						}
					]
				},
				{
					"entryName": "diamond_leggings",
					"type": "item",
					"name": "minecraft:diamond_leggings",
					"weight": 22,
					"functions": [
						{
							"function": "enchant_with_levels",
							"levels": 30,
							"treasure": true
						}
					]		
				},
				{
					"entryName": "diamond_helmet",
					"type": "item",
					"name": "minecraft:diamond_helmet",
					"weight": 22,
					"functions": [
						{
							"function": "enchant_with_levels",
							"levels": 30,
							"treasure": true
						}
					]	
				},
				{
					"entryName": "diamond_boots",
					"type": "item",
					"name": "minecraft:diamond_boots",
					"weight": 22,
					"functions": [
						{
							"function": "enchant_with_levels",
							"levels": 30,
							"treasure": true
						}
					]
				},
				{
					"entryName": "iron_chestplate",
					"type": "item",
					"name": "minecraft:iron_chestplate",
					"weight": 35,
					"functions": [
						{
							"function": "enchant_with_levels",
							"levels": 30,
							"treasure": true
						},
						{
							"function": "enchant_randomly"
						}						
					]
				},
				{
					"entryName": "iron_leggings",
					"type": "item",
					"name": "minecraft:iron_leggings",
					"weight": 35,
					"functions": [
						{
							"function": "enchant_with_levels",
							"levels": 30,
							"treasure": true
						},
						{
							"function": "enchant_randomly"
						}		
					]						
				},
				{
					"entryName": "iron_helmet",
					"type": "item",
					"name": "minecraft:iron_helmet",
					"weight": 35,
					"functions": [
						{
							"function": "enchant_with_levels",
							"levels": 30,
							"treasure": true
						},
						{
							"function": "enchant_randomly"
						}		
					]		
				},
				{
					"entryName": "iron_boots",
					"type": "item",
					"name": "minecraft:iron_boots",
					"weight": 35,
					"functions": [
						{
							"function": "enchant_with_levels",
							"levels": 30,
							"treasure": true
						},
						{
							"function": "enchant_randomly"
						}		
					]	
				},
				{
					"entryName": "diamond_horse_armor",
					"type": "item",
					"name": "minecraft:diamond_horse_armor",
					"weight": 25	
				}
			]
		}
	]
}