{
	"pools": [
		{
			"name": "rare_armor",
			"rolls": 1,
			"entries": [
				{
					"entryName": "diamond_chestplate",
					"type": "item",
					"name": "minecraft:diamond_chestplate",
					"weight": 10		
				},
				{
					"entryName": "diamond_leggings",
					"type": "item",
					"name": "minecraft:diamond_leggings",
					"weight": 10		
				},
				{
					"entryName": "diamond_helmet",
					"type": "item",
					"name": "minecraft:diamond_helmet",
					"weight": 10	
				},
				{
					"entryName": "diamond_boots",
					"type": "item",
					"name": "minecraft:diamond_boots",
					"weight": 10
				},
				{
					"entryName": "iron_chestplate",
					"type": "item",
					"name": "minecraft:iron_chestplate",
					"weight": 15,
					"functions": [
						{
							"function": "enchant_with_levels",
							"levels": 30,
							"treasure": true
						}
					]
				},
				{
					"entryName": "iron_leggings",
					"type": "item",
					"name": "minecraft:iron_leggings",
					"weight": 15,
					"functions": [
						{
							"function": "enchant_with_levels",
							"levels": 30,
							"treasure": true
						}
					]						
				},
				{
					"entryName": "iron_helmet",
					"type": "item",
					"name": "minecraft:iron_helmet",
					"weight": 20,
					"functions": [
						{
							"function": "enchant_with_levels",
							"levels": 30,
							"treasure": true
						}
					]		
				},
				{
					"entryName": "iron_boots",
					"type": "item",
					"name": "minecraft:iron_boots",
					"weight": 20,
					"functions": [
						{
							"function": "enchant_with_levels",
							"levels": 30,
							"treasure": true
						}
					]	
				}
			]
		}
	]
}