{
	"pools": [
		{
			"name": "items",
			"rolls": {
				"min": 2,
				"max": 6
			},
			"entries": [
                {
                    "type": "loot_table",
                    "name": "dungeons2:loot_tables/dungeons2/items/epic",
                    "weight": 1
                }
			]
		},
		{
			"name": "armor",
			"rolls": {
				"min": 0,
				"max": 2
			},
			"entries": [
	                {
                    "type": "loot_table",
                    "name": "dungeons2:loot_tables/dungeons2/armor/epic",
                    "weight": 1
                }		
			]
		},
		{
			"name": "food",
			"rolls": {
				"min": 0,
				"max": 1
			},
			"entries": [
	                {
                    "type": "loot_table",
                    "name": "dungeons2:loot_tables/dungeons2/food/epic",
                    "weight": 1
                }				
			]
		},
		{
			"name": "tools",
			"rolls": 1,
			"entries": [
	            {
                    "type": "loot_table",
                    "name": "dungeons2:loot_tables/dungeons2/tools/epic",
                    "weight": 1
                }				
			]
		},
		{
			"name": "potions",
			"rolls": {
				"min": 1,
				"max": 2
			},
			"entries": [
		            {
                    "type": "loot_table",
                    "name": "dungeons2:loot_tables/dungeons2/potions/epic",
                    "weight": 1
                }			
			]
		},

		{
			"name": "rare_items",
			"rolls": {
				"min": 0,
				"max": 5
			},
			"entries": [
                {
                    "type": "loot_table",
                    "name": "dungeons2:loot_tables/dungeons2/items/rare",
                    "weight": 1
                }
			]
		},
		{
			"name": "rare_armor",
			"rolls": {
				"min": 0,
				"max": 2
			},
			"entries": [
	                {
                    "type": "loot_table",
                    "name": "dungeons2:loot_tables/dungeons2/armor/rare",
                    "weight": 1
                }		
			]
		},
		{
			"name": "rare_food",
			"rolls": {
				"min": 0,
				"max": 3
			},
			"entries": [
	                {
                    "type": "loot_table",
                    "name": "dungeons2:loot_tables/dungeons2/food/rare",
                    "weight": 1
                }				
			]
		},
		{
			"name": "rare_tools",
			"rolls": {
				"min": 0,
				"max": 2
			},
			"entries": [
	            {
                    "type": "loot_table",
                    "name": "dungeons2:loot_tables/dungeons2/tools/rare",
                    "weight": 1
                }				
			]
		},
		{
			"name": "rare_potions",
			"rolls": {
				"min": 0,
				"max": 2
			},
			"entries": [
		            {
                    "type": "loot_table",
                    "name": "dungeons2:loot_tables/dungeons2/potions/rare",
                    "weight": 1
                }			
			]
		}		
	]
}