[
  {
    "coreMaterialStats": {
      "durability": 14.0,
      "defense": 10.125,
      "materialType": "core"
    },
    "platesMaterialStats": {
      "durability": 8.4,
      "modifier": 15.882353,
      "toughness": 0.0,
      "materialType": "plates"
    },
    "trimMaterialStats": {
      "extraDurability": 8.4,
      "materialType": "trim"
    },
    "identifier": "electrical_steel",
    "color": -5658199,
    "type": "METAL",
    "castable": true,
    "craftable": false
  },
  {
    "coreMaterialStats": {
      "durability": 25.0,
      "defense": 27.0,
      "materialType": "core"
    },
    "platesMaterialStats": {
      "durability": 28.0,
      "modifier": 19.058823,
      "toughness": 0.0,
      "materialType": "plates"
    },
    "trimMaterialStats": {
      "extraDurability": 28.0,
      "materialType": "trim"
    },
    "identifier": "dark_steel",
    "color": -9671572,
    "type": "METAL",
    "castable": true,
    "craftable": false
  },
  {
    "coreMaterialStats": {
      "durability": 2.0,
      "defense": 4.5,
      "materialType": "core"
    },
    "platesMaterialStats": {
      "durability": 1.12,
      "modifier": 10.588235,
      "toughness": 0.0,
      "materialType": "plates"
    },
    "trimMaterialStats": {
      "extraDurability": 1.12,
      "materialType": "trim"
    },
    "identifier": "construction_alloy",
    "color": -14084054,
    "type": "METAL",
    "castable": true,
    "craftable": false
  },
  {
    "coreMaterialStats": {
      "durability": 33.0,
      "defense": 29.7,
      "materialType": "core"
    },
    "platesMaterialStats": {
      "durability": 22.4,
      "modifier": 14.823529,
      "toughness": 0.0,
      "materialType": "plates"
    },
    "trimMaterialStats": {
      "extraDurability": 22.4,
      "materialType": "trim"
    },
    "identifier": "fierymetal",
    "color": -142243,
    "type": "METAL",
    "castable": true,
    "craftable": false
  },
  {
    "coreMaterialStats": {
      "durability": 5.0,
      "defense": 6.75,
      "materialType": "core"
    },
    "platesMaterialStats": {
      "durability": 16.8,
      "modifier": 21.17647,
      "toughness": -0.0,
      "materialType": "plates"
    },
    "trimMaterialStats": {
      "extraDurability": 16.8,
      "materialType": "trim"
    },
    "identifier": "redstone_alloy",
    "color": -5167321,
    "type": "METAL",
    "castable": true,
    "craftable": false
  },
  {
    "coreMaterialStats": {
      "durability": 8.0,
      "defense": 27.0,
      "materialType": "core"
    },
    "platesMaterialStats": {
      "durability": 10.08,
      "modifier": 16.941175,
      "toughness": 0.0,
      "materialType": "plates"
    },
    "trimMaterialStats": {
      "extraDurability": 10.08,
      "materialType": "trim"
    },
    "identifier": "steeleaf",
    "color": -11368646,
    "type": "METAL",
    "castable": false,
    "craftable": true
  },
  {
    "coreMaterialStats": {
      "durability": 32.0,
      "defense": 50.0,
      "materialType": "core"
    },
    "platesMaterialStats": {
      "durability": 4.48,
      "modifier": 9.529411,
      "toughness": 0.0,
      "materialType": "plates"
    },
    "trimMaterialStats": {
      "extraDurability": 4.48,
      "materialType": "trim"
    },
    "identifier": "fluix",
    "color": -5222690,
    "type": "METAL",
    "castable": false,
    "craftable": true
  },
  {
    "coreMaterialStats": {
      "durability": 66.0,
      "defense": 33.254997,
      "materialType": "core"
    },
    "platesMaterialStats": {
      "durability": 13.44,
      "modifier": 16.517645,
      "toughness": 0.0,
      "materialType": "plates"
    },
    "trimMaterialStats": {
      "extraDurability": 13.44,
      "materialType": "trim"
    },
    "identifier": "platinum",
    "color": -12989702,
    "type": "METAL",
    "castable": true,
    "craftable": false
  },
  {
    "coreMaterialStats": {
      "durability": 32.0,
      "defense": 50.0,
      "materialType": "core"
    },
    "platesMaterialStats": {
      "durability": 12.88,
      "modifier": 36.635292,
      "toughness": 0.0,
      "materialType": "plates"
    },
    "trimMaterialStats": {
      "extraDurability": 12.88,
      "materialType": "trim"
    },
    "identifier": "tungsten",
    "color": -12171687,
    "type": "METAL",
    "castable": true,
    "craftable": false
  },
  {
    "coreMaterialStats": {
      "durability": 37.0,
      "defense": 28.035,
      "materialType": "core"
    },
    "platesMaterialStats": {
      "durability": 5.6,
      "modifier": 22.447056,
      "toughness": 0.0,
      "materialType": "plates"
    },
    "trimMaterialStats": {
      "extraDurability": 5.6,
      "materialType": "trim"
    },
    "identifier": "blutonium",
    "color": -14083900,
    "type": "METAL",
    "castable": true,
    "craftable": false
  },
  {
    "coreMaterialStats": {
      "durability": 18.0,
      "defense": 17.414999,
      "materialType": "core"
    },
    "platesMaterialStats": {
      "durability": 7.9519997,
      "modifier": 22.658825,
      "toughness": 0.0,
      "materialType": "plates"
    },
    "trimMaterialStats": {
      "extraDurability": 7.9519997,
      "materialType": "trim"
    },
    "identifier": "manasteel",
    "color": -10296843,
    "type": "METAL",
    "castable": true,
    "craftable": false
  },
  {
    "coreMaterialStats": {
      "durability": 1.0,
      "defense": 0.54,
      "materialType": "core"
    },
    "platesMaterialStats": {
      "durability": 0.336,
      "modifier": 18.423529,
      "toughness": 0.0,
      "materialType": "plates"
    },
    "trimMaterialStats": {
      "extraDurability": 0.336,
      "materialType": "trim"
    },
    "identifier": "rubber",
    "color": -10727601,
    "type": "METAL",
    "castable": false,
    "craftable": true
  },
  {
    "coreMaterialStats": {
      "durability": 14.0,
      "defense": 10.215,
      "materialType": "core"
    },
    "platesMaterialStats": {
      "durability": 4.48,
      "modifier": 28.37647,
      "toughness": 0.0,
      "materialType": "plates"
    },
    "trimMaterialStats": {
      "extraDurability": 4.48,
      "materialType": "trim"
    },
    "identifier": "tin",
    "color": -4076068,
    "type": "METAL",
    "castable": true,
    "craftable": false
  },
  {
    "coreMaterialStats": {
      "durability": 37.0,
      "defense": 33.39,
      "materialType": "core"
    },
    "platesMaterialStats": {
      "durability": 10.64,
      "modifier": 17.364706,
      "toughness": 0.0,
      "materialType": "plates"
    },
    "trimMaterialStats": {
      "extraDurability": 10.64,
      "materialType": "trim"
    },
    "identifier": "redgarnet",
    "color": -1235932,
    "type": "METAL",
    "castable": false,
    "craftable": true
  },
  {
    "coreMaterialStats": {
      "durability": 32.0,
      "defense": 27.99,
      "materialType": "core"
    },
    "platesMaterialStats": {
      "durability": 3.584,
      "modifier": 13.55294,
      "toughness": 0.0,
      "materialType": "plates"
    },
    "trimMaterialStats": {
      "extraDurability": 3.584,
      "materialType": "trim"
    },
    "identifier": "invar",
    "color": -3881788,
    "type": "METAL",
    "castable": true,
    "craftable": false
  },
  {
    "coreMaterialStats": {
      "durability": 42.0,
      "defense": 39.96,
      "materialType": "core"
    },
    "platesMaterialStats": {
      "durability": 11.2,
      "modifier": 17.788235,
      "toughness": 0.0,
      "materialType": "plates"
    },
    "trimMaterialStats": {
      "extraDurability": 11.2,
      "materialType": "trim"
    },
    "identifier": "refinedglowstone",
    "color": -988119,
    "type": "METAL",
    "castable": true,
    "craftable": false
  },
  {
    "coreMaterialStats": {
      "durability": 14.0,
      "defense": 21.734999,
      "materialType": "core"
    },
    "platesMaterialStats": {
      "durability": 6.72,
      "modifier": 32.399998,
      "toughness": 0.0,
      "materialType": "plates"
    },
    "trimMaterialStats": {
      "extraDurability": 6.72,
      "materialType": "trim"
    },
    "identifier": "cyanite",
    "color": -14300709,
    "type": "METAL",
    "castable": true,
    "craftable": false
  },
  {
    "coreMaterialStats": {
      "durability": 94.0,
      "defense": 50.0,
      "materialType": "core"
    },
    "platesMaterialStats": {
      "durability": 67.2,
      "modifier": 50.0,
      "toughness": 0.0,
      "materialType": "plates"
    },
    "trimMaterialStats": {
      "extraDurability": 67.2,
      "materialType": "trim"
    },
    "identifier": "awakeneddraconium",
    "color": -14039,
    "type": "METAL",
    "castable": false,
    "craftable": true
  },
  {
    "coreMaterialStats": {
      "durability": 56.0,
      "defense": 40.68,
      "materialType": "core"
    },
    "platesMaterialStats": {
      "durability": 22.4,
      "modifier": 42.98823,
      "toughness": 0.0,
      "materialType": "plates"
    },
    "trimMaterialStats": {
      "extraDurability": 22.4,
      "materialType": "trim"
    },
    "identifier": "darkmatter",
    "color": -14221005,
    "type": "METAL",
    "castable": false,
    "craftable": true
  },
  {
    "coreMaterialStats": {
      "durability": 1.0,
      "defense": 2.3849998,
      "materialType": "core"
    },
    "platesMaterialStats": {
      "durability": -1.344,
      "modifier": 4.0235295,
      "toughness": -0.0,
      "materialType": "plates"
    },
    "trimMaterialStats": {
      "extraDurability": -1.344,
      "materialType": "trim"
    },
    "identifier": "zinc",
    "color": -2887704,
    "type": "METAL",
    "castable": true,
    "craftable": false
  },
  {
    "coreMaterialStats": {
      "durability": 46.0,
      "defense": 49.815,
      "materialType": "core"
    },
    "platesMaterialStats": {
      "durability": 19.039999,
      "modifier": 32.399998,
      "toughness": 0.0,
      "materialType": "plates"
    },
    "trimMaterialStats": {
      "extraDurability": 19.039999,
      "materialType": "trim"
    },
    "identifier": "ivorypsi",
    "color": -13858615,
    "type": "METAL",
    "castable": true,
    "craftable": false
  },
  {
    "coreMaterialStats": {
      "durability": 45.0,
      "defense": 50.0,
      "materialType": "core"
    },
    "platesMaterialStats": {
      "durability": 15.232,
      "modifier": 30.705881,
      "toughness": 0.0,
      "materialType": "plates"
    },
    "trimMaterialStats": {
      "extraDurability": 15.232,
      "materialType": "trim"
    },
    "identifier": "terrasteel",
    "color": -11605981,
    "type": "METAL",
    "castable": true,
    "craftable": false
  },
  {
    "coreMaterialStats": {
      "durability": 31.0,
      "defense": 22.859999,
      "materialType": "core"
    },
    "platesMaterialStats": {
      "durability": -2.24,
      "modifier": 16.094118,
      "toughness": -0.0,
      "materialType": "plates"
    },
    "trimMaterialStats": {
      "extraDurability": -2.24,
      "materialType": "trim"
    },
    "identifier": "yellorium",
    "color": -329912,
    "type": "METAL",
    "castable": true,
    "craftable": false
  },
  {
    "coreMaterialStats": {
      "durability": 28.0,
      "defense": 30.780003,
      "materialType": "core"
    },
    "platesMaterialStats": {
      "durability": 8.96,
      "modifier": 15.670588,
      "toughness": 0.0,
      "materialType": "plates"
    },
    "trimMaterialStats": {
      "extraDurability": 8.96,
      "materialType": "trim"
    },
    "identifier": "sapphire",
    "color": -16043050,
    "type": "METAL",
    "castable": false,
    "craftable": true
  },
  {
    "coreMaterialStats": {
      "durability": 75.0,
      "defense": 50.0,
      "materialType": "core"
    },
    "platesMaterialStats": {
      "durability": 56.0,
      "modifier": 39.17647,
      "toughness": 0.0,
      "materialType": "plates"
    },
    "trimMaterialStats": {
      "extraDurability": 56.0,
      "materialType": "trim"
    },
    "identifier": "advancedalloy",
    "color": -17496,
    "type": "METAL",
    "castable": true,
    "craftable": false
  },
  {
    "coreMaterialStats": {
      "durability": 37.0,
      "defense": 35.235,
      "materialType": "core"
    },
    "platesMaterialStats": {
      "durability": 15.68,
      "modifier": 15.670588,
      "toughness": 0.0,
      "materialType": "plates"
    },
    "trimMaterialStats": {
      "extraDurability": 15.68,
      "materialType": "trim"
    },
    "identifier": "chrome",
    "color": -2697514,
    "type": "METAL",
    "castable": true,
    "craftable": false
  },
  {
    "coreMaterialStats": {
      "durability": 12.0,
      "defense": 7.9199996,
      "materialType": "core"
    },
    "platesMaterialStats": {
      "durability": 0.448,
      "modifier": 23.505882,
      "toughness": 0.0,
      "materialType": "plates"
    },
    "trimMaterialStats": {
      "extraDurability": 0.448,
      "materialType": "trim"
    },
    "identifier": "brass",
    "color": -1186933,
    "type": "METAL",
    "castable": true,
    "craftable": false
  },
  {
    "coreMaterialStats": {
      "durability": 73.0,
      "defense": 4.5,
      "materialType": "core"
    },
    "platesMaterialStats": {
      "durability": 140.0,
      "modifier": 10.588235,
      "toughness": 0.0,
      "materialType": "plates"
    },
    "trimMaterialStats": {
      "extraDurability": 140.0,
      "materialType": "trim"
    },
    "identifier": "soularium",
    "color": -9872563,
    "type": "METAL",
    "castable": true,
    "craftable": false
  },
  {
    "coreMaterialStats": {
      "durability": 65.0,
      "defense": 50.0,
      "materialType": "core"
    },
    "platesMaterialStats": {
      "durability": 33.6,
      "modifier": 39.388233,
      "toughness": 0.0,
      "materialType": "plates"
    },
    "trimMaterialStats": {
      "extraDurability": 33.6,
      "materialType": "trim"
    },
    "identifier": "draconium",
    "color": -8769849,
    "type": "METAL",
    "castable": false,
    "craftable": true
  },
  {
    "coreMaterialStats": {
      "durability": 18.0,
      "defense": 22.5,
      "materialType": "core"
    },
    "platesMaterialStats": {
      "durability": 16.8,
      "modifier": 19.058823,
      "toughness": 0.0,
      "materialType": "plates"
    },
    "trimMaterialStats": {
      "extraDurability": 16.8,
      "materialType": "trim"
    },
    "identifier": "end_steel",
    "color": -262989,
    "type": "METAL",
    "castable": true,
    "craftable": false
  },
  {
    "coreMaterialStats": {
      "durability": 65.0,
      "defense": 50.0,
      "materialType": "core"
    },
    "platesMaterialStats": {
      "durability": 33.6,
      "modifier": 49.55294,
      "toughness": 0.0,
      "materialType": "plates"
    },
    "trimMaterialStats": {
      "extraDurability": 33.6,
      "materialType": "trim"
    },
    "identifier": "ludicrite",
    "color": -2872108,
    "type": "METAL",
    "castable": true,
    "craftable": false
  },
  {
    "coreMaterialStats": {
      "durability": 21.0,
      "defense": 42.885,
      "materialType": "core"
    },
    "platesMaterialStats": {
      "durability": 13.44,
      "modifier": 26.047058,
      "toughness": 0.0,
      "materialType": "plates"
    },
    "trimMaterialStats": {
      "extraDurability": 13.44,
      "materialType": "trim"
    },
    "identifier": "refinediron",
    "color": -2039584,
    "type": "METAL",
    "castable": true,
    "craftable": false
  },
  {
    "coreMaterialStats": {
      "durability": 10.0,
      "defense": 40.5,
      "materialType": "core"
    },
    "platesMaterialStats": {
      "durability": 6.72,
      "modifier": 10.588235,
      "toughness": -0.0,
      "materialType": "plates"
    },
    "trimMaterialStats": {
      "extraDurability": 6.72,
      "materialType": "trim"
    },
    "identifier": "vibrant_alloy",
    "color": -4798352,
    "type": "METAL",
    "castable": true,
    "craftable": false
  },
  {
    "coreMaterialStats": {
      "durability": 37.0,
      "defense": 33.39,
      "materialType": "core"
    },
    "platesMaterialStats": {
      "durability": 10.64,
      "modifier": 17.364706,
      "toughness": 0.0,
      "materialType": "plates"
    },
    "trimMaterialStats": {
      "extraDurability": 10.64,
      "materialType": "trim"
    },
    "identifier": "yellowgarnet",
    "color": -658149,
    "type": "METAL",
    "castable": false,
    "craftable": true
  },
  {
    "coreMaterialStats": {
      "durability": 54.0,
      "defense": 31.635,
      "materialType": "core"
    },
    "platesMaterialStats": {
      "durability": 3.36,
      "modifier": 10.376471,
      "toughness": 0.0,
      "materialType": "plates"
    },
    "trimMaterialStats": {
      "extraDurability": 3.36,
      "materialType": "trim"
    },
    "identifier": "mithril",
    "color": -14641744,
    "type": "METAL",
    "castable": true,
    "craftable": false
  },
  {
    "coreMaterialStats": {
      "durability": 75.0,
      "defense": 50.0,
      "materialType": "core"
    },
    "platesMaterialStats": {
      "durability": 20.16,
      "modifier": 34.517647,
      "toughness": 0.0,
      "materialType": "plates"
    },
    "trimMaterialStats": {
      "extraDurability": 20.16,
      "materialType": "trim"
    },
    "identifier": "gaia",
    "color": -7252043,
    "type": "METAL",
    "castable": false,
    "craftable": true
  },
  {
    "coreMaterialStats": {
      "durability": 120.0,
      "defense": 50.0,
      "materialType": "core"
    },
    "platesMaterialStats": {
      "durability": 112.0,
      "modifier": 50.0,
      "toughness": 0.0,
      "materialType": "plates"
    },
    "trimMaterialStats": {
      "extraDurability": 112.0,
      "materialType": "trim"
    },
    "identifier": "chaoticdraconium",
    "color": -15263977,
    "type": "METAL",
    "castable": false,
    "craftable": true
  },
  {
    "coreMaterialStats": {
      "durability": 56.0,
      "defense": 50.0,
      "materialType": "core"
    },
    "platesMaterialStats": {
      "durability": 32.48,
      "modifier": 41.92941,
      "toughness": 0.0,
      "materialType": "plates"
    },
    "trimMaterialStats": {
      "extraDurability": 32.48,
      "materialType": "trim"
    },
    "identifier": "ebonypsi",
    "color": -16119286,
    "type": "METAL",
    "castable": true,
    "craftable": false
  },
  {
    "coreMaterialStats": {
      "durability": 27.0,
      "defense": 46.844997,
      "materialType": "core"
    },
    "platesMaterialStats": {
      "durability": 10.64,
      "modifier": 32.188236,
      "toughness": 0.0,
      "materialType": "plates"
    },
    "trimMaterialStats": {
      "extraDurability": 10.64,
      "materialType": "trim"
    },
    "identifier": "titanium",
    "color": -4539718,
    "type": "METAL",
    "castable": true,
    "craftable": false
  },
  {
    "coreMaterialStats": {
      "durability": 21.0,
      "defense": 36.045002,
      "materialType": "core"
    },
    "platesMaterialStats": {
      "durability": 8.96,
      "modifier": 23.717648,
      "toughness": 0.0,
      "materialType": "plates"
    },
    "trimMaterialStats": {
      "extraDurability": 8.96,
      "materialType": "trim"
    },
    "identifier": "psi",
    "color": -13858615,
    "type": "METAL",
    "castable": true,
    "craftable": false
  },
  {
    "coreMaterialStats": {
      "durability": 65.0,
      "defense": 49.68,
      "materialType": "core"
    },
    "platesMaterialStats": {
      "durability": 38.079998,
      "modifier": 46.376472,
      "toughness": 0.0,
      "materialType": "plates"
    },
    "trimMaterialStats": {
      "extraDurability": 38.079998,
      "materialType": "trim"
    },
    "identifier": "refinedobsidian",
    "color": -9230744,
    "type": "METAL",
    "castable": true,
    "craftable": false
  },
  {
    "coreMaterialStats": {
      "durability": 3.0,
      "defense": 3.825,
      "materialType": "core"
    },
    "platesMaterialStats": {
      "durability": -1.12,
      "modifier": 4.4470587,
      "toughness": -0.0,
      "materialType": "plates"
    },
    "trimMaterialStats": {
      "extraDurability": -1.12,
      "materialType": "trim"
    },
    "identifier": "aluminum",
    "color": -1056555,
    "type": "METAL",
    "castable": true,
    "craftable": false
  },
  {
    "coreMaterialStats": {
      "durability": 89.0,
      "defense": 44.775,
      "materialType": "core"
    },
    "platesMaterialStats": {
      "durability": 22.4,
      "modifier": 17.57647,
      "toughness": 0.0,
      "materialType": "plates"
    },
    "trimMaterialStats": {
      "extraDurability": 22.4,
      "materialType": "trim"
    },
    "identifier": "iridium",
    "color": -1315861,
    "type": "METAL",
    "castable": true,
    "craftable": false
  },
  {
    "coreMaterialStats": {
      "durability": 32.0,
      "defense": 25.2,
      "materialType": "core"
    },
    "platesMaterialStats": {
      "durability": 44.8,
      "modifier": 42.35294,
      "toughness": -0.0,
      "materialType": "plates"
    },
    "trimMaterialStats": {
      "extraDurability": 44.8,
      "materialType": "trim"
    },
    "identifier": "energetic_alloy",
    "color": -2518196,
    "type": "METAL",
    "castable": true,
    "craftable": false
  },
  {
    "coreMaterialStats": {
      "durability": 28.0,
      "defense": 37.530003,
      "materialType": "core"
    },
    "platesMaterialStats": {
      "durability": 2.24,
      "modifier": 9.317647,
      "toughness": 0.0,
      "materialType": "plates"
    },
    "trimMaterialStats": {
      "extraDurability": 2.24,
      "materialType": "trim"
    },
    "identifier": "lumium",
    "color": -848,
    "type": "METAL",
    "castable": true,
    "craftable": false
  },
  {
    "coreMaterialStats": {
      "durability": 48.0,
      "defense": 45.855,
      "materialType": "core"
    },
    "platesMaterialStats": {
      "durability": 6.72,
      "modifier": 8.894117,
      "toughness": 0.0,
      "materialType": "plates"
    },
    "trimMaterialStats": {
      "extraDurability": 6.72,
      "materialType": "trim"
    },
    "identifier": "enderium",
    "color": -16748959,
    "type": "METAL",
    "castable": true,
    "craftable": false
  },
  {
    "coreMaterialStats": {
      "durability": 34.0,
      "defense": 28.664999,
      "materialType": "core"
    },
    "platesMaterialStats": {
      "durability": 4.48,
      "modifier": 11.011765,
      "toughness": 0.0,
      "materialType": "plates"
    },
    "trimMaterialStats": {
      "extraDurability": 4.48,
      "materialType": "trim"
    },
    "identifier": "signalum",
    "color": -1680624,
    "type": "METAL",
    "castable": true,
    "craftable": false
  },
  {
    "coreMaterialStats": {
      "durability": 80.0,
      "defense": 50.0,
      "materialType": "core"
    },
    "platesMaterialStats": {
      "durability": 50.4,
      "modifier": 50.0,
      "toughness": 0.0,
      "materialType": "plates"
    },
    "trimMaterialStats": {
      "extraDurability": 50.4,
      "materialType": "trim"
    },
    "identifier": "wyverndraconium",
    "color": -8769849,
    "type": "METAL",
    "castable": false,
    "craftable": true
  },
  {
    "coreMaterialStats": {
      "durability": 28.0,
      "defense": 30.780003,
      "materialType": "core"
    },
    "platesMaterialStats": {
      "durability": 8.96,
      "modifier": 15.670588,
      "toughness": 0.0,
      "materialType": "plates"
    },
    "trimMaterialStats": {
      "extraDurability": 8.96,
      "materialType": "trim"
    },
    "identifier": "peridot",
    "color": -15341515,
    "type": "METAL",
    "castable": false,
    "craftable": true
  },
  {
    "coreMaterialStats": {
      "durability": 89.0,
      "defense": 50.0,
      "materialType": "core"
    },
    "platesMaterialStats": {
      "durability": 56.0,
      "modifier": 50.0,
      "toughness": 0.0,
      "materialType": "plates"
    },
    "trimMaterialStats": {
      "extraDurability": 56.0,
      "materialType": "trim"
    },
    "identifier": "redmatter",
    "color": -1900544,
    "type": "METAL",
    "castable": false,
    "craftable": true
  },
  {
    "coreMaterialStats": {
      "durability": 1.0,
      "defense": 22.95,
      "materialType": "core"
    },
    "platesMaterialStats": {
      "durability": 0.78400004,
      "modifier": 2.964706,
      "toughness": 0.0,
      "materialType": "plates"
    },
    "trimMaterialStats": {
      "extraDurability": 0.78400004,
      "materialType": "trim"
    },
    "identifier": "nickel",
    "color": -3615101,
    "type": "METAL",
    "castable": true,
    "craftable": false
  },
  {
    "coreMaterialStats": {
      "durability": 43.0,
      "defense": 9.0,
      "materialType": "core"
    },
    "platesMaterialStats": {
      "durability": 28.0,
      "modifier": 22.235292,
      "toughness": 0.0,
      "materialType": "plates"
    },
    "trimMaterialStats": {
      "extraDurability": 28.0,
      "materialType": "trim"
    },
    "identifier": "pulsating_iron",
    "color": -13856700,
    "type": "METAL",
    "castable": true,
    "craftable": false
  },
  {
    "coreMaterialStats": {
      "durability": 42.0,
      "defense": 27.0,
      "materialType": "core"
    },
    "platesMaterialStats": {
      "durability": 44.8,
      "modifier": 26.470587,
      "toughness": 0.0,
      "materialType": "plates"
    },
    "trimMaterialStats": {
      "extraDurability": 44.8,
      "materialType": "trim"
    },
    "identifier": "knightmetal",
    "color": -3873106,
    "type": "METAL",
    "castable": true,
    "craftable": false
  },
  {
    "coreMaterialStats": {
      "durability": 51.0,
      "defense": 50.0,
      "materialType": "core"
    },
    "platesMaterialStats": {
      "durability": 25.76,
      "modifier": 50.0,
      "toughness": 0.0,
      "materialType": "plates"
    },
    "trimMaterialStats": {
      "extraDurability": 25.76,
      "materialType": "trim"
    },
    "identifier": "electrumflux",
    "color": -2709,
    "type": "METAL",
    "castable": true,
    "craftable": false
  },
  {
    "coreMaterialStats": {
      "durability": 23.0,
      "defense": 18.045002,
      "materialType": "core"
    },
    "platesMaterialStats": {
      "durability": 5.376,
      "modifier": 25.2,
      "toughness": 0.0,
      "materialType": "plates"
    },
    "trimMaterialStats": {
      "extraDurability": 5.376,
      "materialType": "trim"
    },
    "identifier": "osmium",
    "color": -7887361,
    "type": "METAL",
    "castable": true,
    "craftable": false
  },
  {
    "coreMaterialStats": {
      "durability": 1.0,
      "defense": 9.0,
      "materialType": "core"
    },
    "platesMaterialStats": {
      "durability": 2.24,
      "modifier": 21.17647,
      "toughness": 0.0,
      "materialType": "plates"
    },
    "trimMaterialStats": {
      "extraDurability": 2.24,
      "materialType": "trim"
    },
    "identifier": "treatedwood",
    "color": -10144478,
    "type": "METAL",
    "castable": false,
    "craftable": true
  },
  {
    "coreMaterialStats": {
      "durability": 9.0,
      "defense": 31.679998,
      "materialType": "core"
    },
    "platesMaterialStats": {
      "durability": -2.24,
      "modifier": 50.0,
      "toughness": -0.0,
      "materialType": "plates"
    },
    "trimMaterialStats": {
      "extraDurability": -2.24,
      "materialType": "trim"
    },
    "identifier": "elvenelementium",
    "color": -1229864,
    "type": "METAL",
    "castable": true,
    "craftable": false
  },
  {
    "coreMaterialStats": {
      "durability": 14.0,
      "defense": 22.635,
      "materialType": "core"
    },
    "platesMaterialStats": {
      "durability": 1.4560001,
      "modifier": 7.2,
      "toughness": 0.0,
      "materialType": "plates"
    },
    "trimMaterialStats": {
      "extraDurability": 1.4560001,
      "materialType": "trim"
    },
    "identifier": "constantan",
    "color": -2510006,
    "type": "METAL",
    "castable": true,
    "craftable": false
  },
  {
    "coreMaterialStats": {
      "durability": 37.0,
      "defense": 32.04,
      "materialType": "core"
    },
    "platesMaterialStats": {
      "durability": 11.2,
      "modifier": 32.611763,
      "toughness": 0.0,
      "materialType": "plates"
    },
    "trimMaterialStats": {
      "extraDurability": 11.2,
      "materialType": "trim"
    },
    "identifier": "psigem",
    "color": -15931171,
    "type": "METAL",
    "castable": false,
    "craftable": true
  },
  {
    "coreMaterialStats": {
      "durability": 28.0,
      "defense": 30.780003,
      "materialType": "core"
    },
    "platesMaterialStats": {
      "durability": 8.96,
      "modifier": 15.670588,
      "toughness": 0.0,
      "materialType": "plates"
    },
    "trimMaterialStats": {
      "extraDurability": 8.96,
      "materialType": "trim"
    },
    "identifier": "ruby",
    "color": -3211264,
    "type": "METAL",
    "castable": false,
    "craftable": true
  },
  {
    "coreMaterialStats": {
      "durability": 4.0,
      "defense": 5.625,
      "materialType": "core"
    },
    "platesMaterialStats": {
      "durability": 28.0,
      "modifier": 26.470587,
      "toughness": 0.0,
      "materialType": "plates"
    },
    "trimMaterialStats": {
      "extraDurability": 28.0,
      "materialType": "trim"
    },
    "identifier": "conductive_iron",
    "color": -5546657,
    "type": "METAL",
    "castable": true,
    "craftable": false
  },
  {
    "coreMaterialStats": {
      "durability": 23.0,
      "defense": 47.025,
      "materialType": "core"
    },
    "platesMaterialStats": {
      "durability": 2.9120002,
      "modifier": 15.670588,
      "toughness": 0.0,
      "materialType": "plates"
    },
    "trimMaterialStats": {
      "extraDurability": 2.9120002,
      "materialType": "trim"
    },
    "identifier": "certus",
    "color": -3349264,
    "type": "METAL",
    "castable": false,
    "craftable": true
  },
  {
    "coreMaterialStats": {
      "durability": 21.0,
      "defense": 19.350002,
      "materialType": "core"
    },
    "platesMaterialStats": {
      "durability": 0.0,
      "modifier": 0.0,
      "toughness": 0.0,
      "materialType": "plates"
    },
    "trimMaterialStats": {
      "extraDurability": 0.0,
      "materialType": "trim"
    },
    "identifier": "nagascale",
    "color": -13476571,
    "type": "METAL",
    "castable": false,
    "craftable": true
  },
  {
    "coreMaterialStats": {
      "durability": 23.0,
      "defense": 30.735,
      "materialType": "core"
    },
    "platesMaterialStats": {
      "durability": 7.84,
      "modifier": 25.835293,
      "toughness": 0.0,
      "materialType": "plates"
    },
    "trimMaterialStats": {
      "extraDurability": 7.84,
      "materialType": "trim"
    },
    "identifier": "quartzenrichediron",
    "color": -1644826,
    "type": "METAL",
    "castable": false,
    "craftable": true
  }
]