{
 "macerator": {
  "item.itemDustCoal_-49502216": true,
  "item.itemCharcoalDust_-49501069": true,
  "item.itemDustCoal_-1524973112": true,
  "item.itemDustCoal_-1355906326": true,
  "item.itemDustIron_-1519329283": true,
  "item.itemDustIron_-925593416": true,
  "item.itemDustIron_1988887414": true,
  "item.itemDustGold_-1521268860": true,
  "item.itemDustGold_-927532993": true,
  "item.redstone_1138723198": true,
  "item.itemDustSilver_702002035": true,
  "item.itemDustSilver_51519854": true,
  "item.itemDustCopper_-1088347003": true,
  "item.itemDustBronze_-1890926494": true,
  "item.itemDustCopper_-437864822": true,
  "item.itemDustTin_-618832302": true,
  "item.itemDustTin_331846253": true,
  "item.itemNetherrackDust_-85866501": true,
  "item.netherquartz_1623712433": true,
  "item.itemFuelUran_-358476226": true,
  "item.itemCharcoalDust_743823622": true,
  "item.blazePowder_-1907842995": true,
  "item.itemGrinPowder_-603330264": true,
  "item.itemGrinPowder_-1837221814": true,
  "item.itemGrinPowder_1853807710": true,
  "item.string_1709888316": true,
  "tile.gravel_180601027": true,
  "tile.sand.default_290824741": true,
  "tile.sand.default_-1879665788": true,
  "tile.sand.red_868120721": true,
  "item.snowball_401593624": true,
  "item.itemDustClay_-135002324": true,
  "item.yellowDust_429922658": true,
  "item.dyePowder.white_-1479393026": true,
  "tile.dirt.default_7359474": true,
  "item.itemCoffeePowder_1988988288": true,
  "item.itemObsidianDust_1897319697": true,
  "item.itemFlour_-1538290412": true,
  "item.itemRawBioFiber_1989187680": true,
  "item.itemDustIron_-1291313081": true,
  "item.itemDustGold_-1293252658": true,
  "item.itemDustCopper_-357626796": true,
  "item.itemDustTin_1031938275": true,
  "item.itemDustSilver_782240061": true,
  "item.leadDust_721114083": true,
  "item.itemDustIron_-1531188923": true,
  "item.itemDustGold_-1533128500": true,
  "item.itemDustCopper_1049923026": true,
  "item.itemDustTin_1439842341": true,
  "item.itemDustSilver_-2105177413": true,
  "item.leadDust_481238241": true,
  "item.bioChaff_867197653": true,
  "tile.dirt.default_-414469026": true,
  "item.uraniumDust_746040117": true,
  "item.uraniumDust_61668595": true,
  "item.uraniumDust_1879292729": true,
  "Diamond Dust": true,
  "Energium Dust": true,
  "ironOre": true,
  "goldOre": true,
  "copperOre": true,
  "tinOre": true,
  "silverOre": true,
  "leadOre": true,
  "ironPoorOre": true,
  "goldPoorOre": true,
  "copperPoorOre": true,
  "tinPoorOre": true,
  "silverPoorOre": true,
  "leadPoorOre": true,
  "uraniumOre": true,
  "item.diamondDust_1668393821": true,
  "item.appliedenergistics2.material.nether_quartz_dust_-1187224328": true,
  "item.uraniumDust_-1115821342": true,
  "item.plutoniumDust_1951673122": true,
  "item.thorium232Dust_-870558977": true,
  "item.uranium233Dust_1189228084": true,
  "item.uranium235_-1663904446": true,
  "item.leadDust_1086833748": true,
  "item.appliedenergistics2.material.certus_quartz_dust_-1686702025": true,
  "item.leadDust_493097881": true
 },
 "extractor": {
  "item.coal_764578481": true,
  "item.dyePowder.blue_749691996": true,
  "item.diamond_1399568853": true,
  "item.emerald_-1524801579": true,
  "item.itemRubber_423644248": true,
  "item.itemRubber_-140850560": true,
  "item.itemRubber_443969768": true,
  "item.netherquartz_1623712433": true,
  "item.flint_880385219": true,
  "item.itemDynamite_-1026852414": true,
  "item.itemCellBioRef_1988938688": true,
  "item.itemCellBioRef_1003098307": true,
  "item.itemCellCoalRef_1988936704": true,
  "item.itemCellHydrant_1879541949": true,
  "ScrapboxUnpacking": true,
  "item.dyePowder.yellow_2028315520": true,
  "item.dyePowder.red_1526347303": true,
  "item.dyePowder.lightBlue_1526348605": true,
  "item.dyePowder.magenta_1526349597": true,
  "item.dyePowder.silver_1526350372": true,
  "item.dyePowder.red_1526351147": true,
  "item.dyePowder.orange_1526352511": true,
  "item.dyePowder.silver_1526353255": true,
  "item.dyePowder.pink_1526354278": true,
  "item.dyePowder.silver_1526355177": true,
  "item.dyePowder.yellow_1192533033": true,
  "item.dyePowder.magenta_1192534056": true,
  "item.dyePowder.red_1192536567": true,
  "item.dyePowder.pink_1192537776": true,
  "item.dyePowder.red_-405206020": true
 },
 "compressor": {
  "tile.sandStone.default_1494879518": true,
  "tile.redSandStone.default_2137708081": true,
  "tile.netherBrick_-248922228": true,
  "tile.ice_-38485878": true,
  "tile.icePacked_-564697894": true,
  "item.blazeRod_853245877": true,
  "item.snowball_1648449263": true,
  "item.itemIngotUran_751381032": true,
  "item.itemPartDCP_-1088339036": true,
  "item.itemFuelPlantCmpr_1989183712": true,
  "item.itemFuelCoalCmpr_1988854120": true,
  "item.itemFuelCoalCmpr_1988859886": true,
  "item.itemCellAir_1003095300": true,
  "item.itemCompressedBioBall_1989187711": true,
  "tile.blockMiningPipe_1781809032": true,
  "item.itemDeadMagnet_1989095424": true,
  "item.itemPartCarbonPlate_1989089472": true,
  "item.itemPartCoalBlock_1989084512": true,
  "item.itemPartIndustrialDiamond_1989086496": true,
  "item.scrapMetalChunk_1989038942": true,
  "item.itemObsidianBlade_1989136096": true,
  "item.itemPartAlloy_1988898264": true,
  "item.itemPartPellet_7915127": true,
  "item.potion_441693419": true,
  "item.itemDustIron_1854467085": true,
  "item.itemDustGold_1852527508": true,
  "item.itemDustCopper_-919863654": true,
  "item.itemDustTin_-529152931": true,
  "item.itemDustSilver_220003203": true,
  "item.leadDust_-428073047": true,
  "item.itemObsidianDust_-1992484111": true,
  "item.itemDustBronze_-1722443145": true,
  "item.uranium235_-1828152105": true,
  "item.uranium238_-1828149129": true,
  "item.plutoniumDust_422354157": true,
  "item.uranium235_-524486572": true,
  "item.uranium238_-524483596": true,
  "item.plutoniumDust_602955216": true,
  "item.itemIngotUran_229556971": true,
  "item.itemBatCrystal_-619444814": true,
  "item.denseIronPlate_1885833001": true,
  "item.denseLeadPlate_-1661651455": true,
  "item.plutoniumIngot_-1420216332": true,
  "item.thorium232Ingot_1436183185": true,
  "item.uranium235Ingot_1775882148": true,
  "item.uranium233Ingot_-1709738584": true,
  "item.uranium238Ingot_-1585621346": true,
  "item.itemFuelUran_2128902580": true
 },
 "massfabricatorAmplifier": {
  "ScrapAmplifier": true,
  "ScrapboxAmplifier": true,
  "ScrapMetalAmplifier": true
 },
 "electrolyzer": {
  "ElectrolyizingWater": true,
  "Magnetizing": true
 },
 "recycler": {
  "compostingFlesh": true,
  "horserArmorRecyclingIron": true,
  "horserArmorRecyclingGold": true,
  "horserArmorRecyclingDiamond": true,
  "minecartRecycling": true,
  "axeReyclingdiamond": true,
  "pickaxeReyclingdiamond": true,
  "shovelReyclingdiamond": true,
  "hoeReyclingdiamond": true,
  "swordReyclingdiamond": true,
  "helmetReyclingdiamond": true,
  "chestplateReyclingdiamond": true,
  "leggingsReyclingdiamond": true,
  "bootsReyclingdiamond": true,
  "axeReyclingiron": true,
  "pickaxeReyclingiron": true,
  "shovelReyclingiron": true,
  "hoeReyclingiron": true,
  "swordReyclingiron": true,
  "helmetReyclingiron": true,
  "chestplateReyclingiron": true,
  "leggingsReyclingiron": true,
  "bootsReyclingiron": true,
  "axeReyclinggold": true,
  "pickaxeReyclinggold": true,
  "shovelReyclinggold": true,
  "hoeReyclinggold": true,
  "swordReyclinggold": true,
  "helmetReyclinggold": true,
  "chestplateReyclinggold": true,
  "leggingsReyclinggold": true,
  "bootsReyclinggold": true,
  "axeScrappingiron": true,
  "pickaxeScrappingiron": true,
  "shovelScrappingiron": true,
  "hoeScrappingiron": true,
  "swordScrappingiron": true,
  "helmetScrappingiron": true,
  "chestplateScrappingiron": true,
  "leggingsScrappingiron": true,
  "bootsScrappingiron": true,
  "axeScrappinggold": true,
  "pickaxeScrappinggold": true,
  "shovelScrappinggold": true,
  "hoeScrappinggold": true,
  "swordScrappinggold": true,
  "helmetScrappinggold": true,
  "chestplateScrappinggold": true,
  "leggingsScrappinggold": true,
  "bootsScrappinggold": true,
  "leatherReworkingBoots": true,
  "leatherReworkingLeggings": true,
  "leatherReworkingChest": true,
  "leatherReworkingHelmet": true,
  "RareEarthRycling": true,
  "ingotRecycling_ingotIron": true,
  "ingotRecycling_ingotGold": true,
  "ingotRecycling_ingotBronze": true,
  "ingotRecycling_ingotCopper": true,
  "ingotRecycling_ingotRefinedIron": true,
  "ingotRecycling_ingotTin": true,
  "ingotRecycling_ingotUranium": true,
  "ingotRecycling_ingotSilver": true,
  "ingotRecycling_ingotEnrichedUranium": true,
  "ingotRecycling_ingotPlutonium": true,
  "ingotRecycling_ingotThorium": true,
  "ingotRecycling_ingotUranium233": true,
  "ingotRecycling_ingotUranium235": true,
  "ingotRecycling_ingotLead": true,
  "ingotRecycling_ingotSteel": true,
  "ingotRecycling_ingotBrass": true,
  "ingotRecycling_ingotNickel": true,
  "ingotRecycling_ingotInvar": true,
  "ingotRecycling_ingotAluminium": true,
  "ingotRecycling_ingotAluminum": true
 },
 "oreWashingPlant": {
  "item.ironPurifiedCrushedOre": true,
  "item.goldPurifiedCrushedOre": true,
  "item.copperPurifiedCrushedOre": true,
  "item.tinPurifiedCrushedOre": true,
  "item.silverPurifiedCrushedOre": true,
  "item.leadPurifiedCrushedOre": true,
  "item.stoneDust": true,
  "item.uraniumPurifiedCrushedOre": true
 },
 "thermalCentrifuge": {
  "item.itemDustIron": true,
  "item.itemDustGold": true,
  "item.itemDustCopper": true,
  "item.itemDustTin": true,
  "item.itemDustSilver": true,
  "item.leadDust": true,
  "item.plutoniumTinyDust": true,
  "item.plutoniumTinyDust_1": true,
  "item.uranium233TinyDust": true,
  "item.refinedUraniumOre": true,
  "item.uraniumDust": true,
  "item.uranium238": true
 },
 "fluidCanning": {
  "enriching_fluid.biomass": true,
  "filling_item.bucketWater_fluid.tile.water": true,
  "filling_item.bucketLava_fluid.tile.lava": true,
  "emptying_item.bucket_fluid.tile.water": true,
  "emptying_item.bucket_fluid.tile.lava": true,
  "filling_item.itemCellWater_fluid.tile.water": true,
  "filling_item.itemCellLava_fluid.tile.lava": true,
  "filling_item.itemCellWoodGas_fluid.woodgas.name": true,
  "emptying_item.itemCellEmpty_fluid.tile.water": true,
  "emptying_item.itemCellEmpty_fluid.tile.lava": true,
  "emptying_item.itemCellEmpty_fluid.woodgas.name": true,
  "filling_item.universalFluidCell_fluid.tile.water": true,
  "filling_item.universalFluidCell_fluid.tile.lava": true,
  "filling_item.universalFluidCell_fluid.coolant.name": true,
  "filling_item.universalFluidCell_fluid.steam.name": true,
  "filling_item.universalFluidCell_fluid.woodgas.name": true,
  "filling_item.universalFluidCell_fluid.biomass": true,
  "filling_item.universalFluidCell_fluid.biogas": true,
  "emptying_item.universalFluidCell_fluid.tile.water": true,
  "emptying_item.universalFluidCell_fluid.tile.lava": true,
  "emptying_item.universalFluidCell_fluid.coolant.name": true,
  "emptying_item.universalFluidCell_fluid.steam.name": true,
  "emptying_item.universalFluidCell_fluid.woodgas.name": true,
  "emptying_item.universalFluidCell_fluid.biomass": true,
  "emptying_item.universalFluidCell_fluid.biogas": true
 },
 "extruding": {
  "item.emptyFuelRod": true,
  "item.itemCable": true,
  "item.itemTinCable": true,
  "item.itemBronzeCable": true,
  "item.itemGoldCable": true,
  "item.itemTinCan": true,
  "tile.blockFenceIron": true,
  "item.itemIronCable": true
 },
 "rolling": {
  "item.copperPlate": true,
  "item.tinPlate": true,
  "item.silverPlate": true,
  "item.leadPlate": true,
  "item.ironPlate": true,
  "item.goldPlate": true,
  "item.refinedIronPlate": true,
  "item.steelPlate": true,
  "item.bronzePlate": true,
  "item.copperCasing": true,
  "item.tinCasing": true,
  "item.silverCasing": true,
  "item.leadCasing": true,
  "item.ironCasing": true,
  "item.goldCasing": true,
  "item.refinedIronCasing": true,
  "item.steelCasing": true,
  "item.bronzeCasing": true,
  "tile.blockMiningPipe": true
 },
 "fermenter": {
  "biomass": true
 },
 "sawmill": {
  "tile.wood.oak_-867074482": true,
  "tile.wood.spruce_-867073490": true,
  "tile.wood.birch_-867072498": true,
  "tile.wood.jungle_-867071506": true,
  "tile.wood.acacia_570963040": true,
  "tile.wood.big_oak_570964032": true,
  "tile.wood.spruce_-1361148286": true,
  "tile.wood.jungle_-1758009359": true,
  "tile.wood.jungle_806584748": true,
  "tile.wood.oak_To_Sticks_-1415703904": true,
  "tile.wood.spruce_To_Sticks_-1415702943": true,
  "tile.wood.birch_To_Sticks_-1415701982": true,
  "tile.wood.jungle_To_Sticks_-1415701021": true,
  "tile.wood.acacia_To_Sticks_-1415700060": true,
  "tile.wood.big_oak_To_Sticks_-1415699099": true,
  "tile.wood.spruce_To_Sticks_-1415702943_1": true,
  "tile.wood.jungle_To_Sticks_-1415701021_1": true,
  "tile.wood.jungle_To_Sticks_-1415701021_2": true,
  "tile.log.jungle_-1814706450": true,
  "item.minecraft:melon_-1083706285": true
 },
 "metalBender": {
  "item.copperPlate": true,
  "item.tinPlate": true,
  "item.silverPlate": true,
  "item.leadPlate": true,
  "item.ironPlate": true,
  "item.goldPlate": true,
  "item.refinedIronPlate": true,
  "item.steelPlate": true,
  "item.bronzePlate": true,
  "item.copperCasing": true,
  "item.tinCasing": true,
  "item.silverCasing": true,
  "item.leadCasing": true,
  "item.ironCasing": true,
  "item.goldCasing": true,
  "item.refinedIronCasing": true,
  "item.steelCasing": true,
  "item.bronzeCasing": true,
  "tile.blockMiningPipe": true,
  "item.emptyFuelRod": true,
  "item.itemCable": true,
  "item.itemTinCable": true,
  "item.itemBronzeCable": true,
  "item.itemGoldCable": true,
  "item.itemTinCan": true,
  "tile.blockFenceIron": true,
  "item.itemIronCable": true
 }
}